match_id,event_idx,attacker_id,defender_id,duration_s,n_frames,tau_d,f_d,theta_d_deg,fit_error,d_start,d_end,d_mean,d_min,d_max
J03WPY,0,DFL-OBJ-J01KJ5,DFL-OBJ-002GG4,1.68,43,1.0071168479294335,8.489769170189044,-41.615226148587595,0.4669289880082525,9.435599153291479,2.7971149889092795,6.064794668506417,2.7971149889092795,9.435599153291479
J03WPY,1,DFL-OBJ-002FXT,DFL-OBJ-0028T3,2.7600000000000002,70,20.0,1.1133938033645672,116.76801869080525,1.57662482770715,7.734102909790901,3.455148353358794,5.155378848237259,3.422158951591714,7.734102909790901
J03WPY,2,DFL-OBJ-00028V,DFL-OBJ-0028BZ,2.8000000000000003,71,0.4635112107904283,6.657952932088742,35.29299127892695,0.5006101865577519,14.244402343128385,11.063765283771584,13.502333370620411,11.063765283771584,14.70801202882454
J03WPY,3,DFL-OBJ-002GMO,DFL-OBJ-002595,2.2,56,3.879465202903347,2.0066504461078796,-118.52589950796828,0.10754363732570939,13.590000118347133,7.158722006560985,10.470137677760023,7.158722006560985,13.590000118347133
J03WPY,4,DFL-OBJ-002G68,DFL-OBJ-002FXT,1.8,46,2.83465792269279,3.2211259097582654,65.56627815796864,0.4098572220061144,6.815607599798336,1.1425731291228765,3.6001739184438057,1.1425731291228765,6.815607599798336
J03WPY,5,DFL-OBJ-002GMO,DFL-OBJ-0028BZ,2.88,73,1.6504308130097785,4.9989591044809805,-54.22588851951362,0.4691974313139654,10.665782801910687,2.0078187354864427,5.540162850512961,2.0078187354864427,10.665782801910687
J03WPY,6,DFL-OBJ-002G68,DFL-OBJ-002FXT,3.6,91,1.1478937791005692,6.321387736203595,43.65993177087434,1.8149838326445187,12.217733443172852,1.2673420828344222,5.482205848604782,1.2673420828344222,12.217733443172852
J03WPY,7,DFL-OBJ-J01H9X,DFL-OBJ-002595,2.4,61,20.0,2.5003576511190326,102.89627735332573,1.856556119092372,6.024807509226004,3.8595539504018097,4.504951226664538,3.7376294487327213,6.024807509226004
J03WPY,8,DFL-OBJ-002GMO,DFL-OBJ-0028BZ,1.96,50,2.0836261547919763,1.8127539488623416,114.70272297524116,0.16984476382585065,12.466395627821205,8.041898827558082,10.491470945769958,8.041898827558082,12.466395627821205
J03WPY,9,DFL-OBJ-002GMO,DFL-OBJ-0028BZ,2.48,63,20.0,0.5850475007810416,141.65673710051246,0.1651732878008453,13.768424258265913,15.47495890386201,14.61119880829501,13.768424258265913,15.47495890386201
J03WPY,10,DFL-OBJ-002GMO,DFL-OBJ-0028BZ,1.6,41,0.7848788879458926,7.594959346171987,61.49457453465284,0.3542011976839701,13.234710267994798,6.945947013884556,9.96670674617216,6.945947013884556,13.234710267994798
J03WPY,11,DFL-OBJ-002GG4,DFL-OBJ-J01KJ5,1.48,38,0.7228496686869587,9.35332250379237,13.439916261066882,0.45648371751823924,1.2767172551267632,2.33387208302406,1.609192772233766,0.8161936229507452,2.346182831230322
J03WPY,12,DFL-OBJ-J01H9X,DFL-OBJ-0028T3,2.68,68,3.398265741498596,2.701181201654422,-3.7922555717576967,1.5689305738311368,5.428158323024074,1.6291653957002081,3.2133358390323337,1.6291653957002081,5.428158323024074
J03WPY,13,DFL-OBJ-002GMO,DFL-OBJ-0028BZ,4.72,119,20.0,0.3277485666350752,-152.96575518719624,7.677348966860094,15.959152193009315,10.049553118949069,11.968979312981457,9.558437243186576,15.959152193009315
J03WPY,14,DFL-OBJ-002GMO,DFL-OBJ-0028BZ,2.6,66,18.551944960434373,1.3918546069910867,45.72275216991412,2.9968512533455605,11.700830006643397,2.893017751639868,7.518658685974691,2.893017751639868,11.700830006643397
J03WPY,15,DFL-OBJ-J01KJ5,DFL-OBJ-002GG4,1.84,47,20.0,2.2095039867946324,86.45630950820292,0.8423571394413116,0.6772567971654764,0.7206567830422547,0.8843924463041275,0.40357278914308936,1.3811535811442566
J03WPY,16,DFL-OBJ-0000F8,DFL-OBJ-0000EJ,3.4,86,2.014360950459813,3.3136213958461336,-86.77489188581555,1.7959410983768038,13.626903159148663,0.6067652242517215,5.206977403750573,0.6067652242517215,13.626903159148663
J03WPY,17,DFL-OBJ-002G5J,DFL-OBJ-00008F,2.2,56,0.41157614788246194,20.0,-80.58338518632976,0.3012293282239056,2.924367655752767,1.1570257591433293,1.401431046556026,0.38825311975646204,2.924367655752767
J03WPY,18,DFL-OBJ-002GMO,DFL-OBJ-002595,2.36,60,20.0,2.778606078422194,-100.25107168234437,1.1402982989886166,12.8663531918311,3.9618484041447948,8.17491324508766,3.9618484041447948,12.8663531918311
J03WPY,19,DFL-OBJ-J01H9X,DFL-OBJ-0028T3,1.8800000000000001,48,3.033332392418163,5.067810691588665,-180.0,2.417407535623484,3.881038647679331,3.939846917654077,2.8501590183967593,2.0812083413319153,3.939846917654077
J03WPY,20,DFL-OBJ-002GMO,DFL-OBJ-0028BZ,2.24,57,19.993797482361582,1.696417193722082,-84.66265760735557,0.7234028589875764,11.857458601573198,2.0925752138162297,7.043069508192524,2.0925752138162297,11.857458601573198
J03WPY,21,DFL-OBJ-002G68,DFL-OBJ-002G5J,2.32,59,20.0,2.1239012466943765,66.09180770901297,1.478108634146949,11.51830447074091,1.2717486219621974,6.3646188921297036,1.2717486219621974,11.51830447074091
J03WPY,22,DFL-OBJ-002GMO,DFL-OBJ-0028BZ,2.68,68,0.4649255095561458,12.40374638648973,-14.138411823084283,1.0079021096103378,7.344707211183991,6.828589133668673,6.493452359890706,5.812983580350317,7.344707211183991
J03WPY,23,DFL-OBJ-002GMO,DFL-OBJ-0028BZ,3.04,77,0.5493927399365879,3.969444373637675,-38.68035856111857,5.58780545145078,13.026646059759562,5.141891624870078,9.569786826275669,5.141891624870078,13.026646059759562
J03WPY,24,DFL-OBJ-00028V,DFL-OBJ-0028BZ,3.4,86,2.6037762377636304,2.7234283285476373,47.0198096140845,1.3876407542700797,12.186487035023777,5.38557578101078,10.01162970686734,5.38557578101078,12.186487035023777
J03WPY,25,DFL-OBJ-J01KJ5,DFL-OBJ-002GG4,2.44,62,19.999537660738525,0.9583137882247412,112.25003170013908,2.0541763213641535,12.227249136488767,5.194146451539935,8.421944696275883,5.178036532801144,12.227249136488767
J03WPY,26,DFL-OBJ-0000NZ,DFL-OBJ-002595,2.36,60,19.99293546570572,1.5446442406459215,-120.41906119166991,0.8426008001549128,10.417546482804585,2.9098709690397344,6.130307178317623,2.9098709690397344,10.417546482804585
J03WPY,27,DFL-OBJ-J01H9X,DFL-OBJ-002G68,1.52,39,0.22062698083313256,16.317522699852564,-29.171799612111972,0.5323512674182348,0.5723162616582639,0.9796322403564328,1.2167339645615125,0.515277935948157,1.7754868837738491
J03WPY,28,DFL-OBJ-002GMO,DFL-OBJ-0028BZ,5.32,134,0.12710634778741858,20.0,56.74875630345908,7.291099332367081,15.854860996829037,4.367592570160064,10.332167323957345,4.367592570160064,15.854860996829037
J03WPY,29,DFL-OBJ-002GMO,DFL-OBJ-0028BZ,2.32,59,20.0,1.7025324982665913,-33.12608821714475,0.5927213908813967,17.035754623483125,15.548311479451472,16.804826745548915,15.548311479451472,17.3412843506503
J03WPY,30,DFL-OBJ-00028V,DFL-OBJ-0028BZ,4.44,112,20.0,0.7187980962666265,20.246463028758043,4.2450180080989535,9.683994105213518,5.505861124758972,8.578563825500712,5.456796261492662,10.499764609465277
J03WPY,31,DFL-OBJ-00028V,DFL-OBJ-0028BZ,1.76,45,1.9038006269743453,3.7870898733175973,42.79244103260057,0.13819326433784535,12.271088511268912,7.31503249672655,10.681588750843646,7.31503249672655,12.28268118532434
J03WPY,32,DFL-OBJ-002GMO,DFL-OBJ-002595,3.88,98,20.0,0.35892968218092125,167.9412708416768,4.368052483414968,14.268887183956508,8.98234569649815,11.018958223770863,8.98234569649815,14.268887183956508
J03WPY,33,DFL-OBJ-0000F8,DFL-OBJ-002FYC,4.48,113,12.902262770452781,1.0296695001759801,-180.0,2.855631864270627,7.482314372955906,3.5964684143620693,5.244653456918768,3.272067640840646,7.482314372955906
J03WPY,34,DFL-OBJ-0026RH,DFL-OBJ-0001LJ,7.36,185,0.304342082300389,20.0,48.11038662953074,7.225053024880252,5.2311025367072554,1.6137538561873577,2.7130257715138524,0.8687525818760876,5.2311025367072554
J03WPY,35,DFL-OBJ-0000F8,DFL-OBJ-002595,1.8800000000000001,48,0.387742838089235,13.042401419002127,-36.754409159825656,1.0619557408795297,7.44961214092391,1.4357747064069968,4.838010525083637,1.4357747064069968,7.44961214092391
J03WPY,36,DFL-OBJ-002595,DFL-OBJ-0000F8,4.12,104,1.2293379254047843,2.5740457849634657,-33.31656877661053,4.150231727071408,6.80985012336399,2.2056296186731963,4.817546450299098,2.2056296186731963,6.80985012336399
J03WPY,37,DFL-OBJ-00028V,DFL-OBJ-002595,2.16,55,20.0,4.499827394278112,13.900326761165678,1.2656046507419922,1.4305865399947755,1.2916018112742775,2.0157888432345596,1.0968812569791355,3.1708772386694672
J03WPY,38,DFL-OBJ-00028V,DFL-OBJ-0028BZ,2.08,53,0.6527258902175405,9.479332833028222,43.102485561806866,0.5606082109167962,7.504914556894672,2.7282937783445247,5.341272138269872,2.7282937783445247,7.504914556894672
J03WPY,39,DFL-OBJ-002G5J,DFL-OBJ-0028T3,1.32,34,3.900949816031202,5.887297238699971,-102.67288349547108,0.4344171362629836,1.427872647940912,0.7656948448801396,0.8652833023513373,0.6511832106178929,1.427872647940912
J03WPY,40,DFL-OBJ-0000F8,DFL-OBJ-002G68,3.08,78,0.29723332806953984,17.313458508114586,-0.5609627020467323,3.049147752506608,3.7946719294258155,2.781344336036741,1.5095055576564895,0.5853433018229758,3.7946719294258155
J03WPY,41,DFL-OBJ-00028V,DFL-OBJ-0028BZ,3.7600000000000002,95,0.1907311003443284,19.352470452182672,8.021646004268167,6.766451663023775,11.375746933873444,3.4494976830244344,6.348969683837027,3.4494976830244344,11.375746933873444
J03WPY,42,DFL-OBJ-002GM9,DFL-OBJ-J0178P,3.24,82,0.30808316892264387,20.0,32.553954261252386,1.9456776319638271,9.894406369758897,1.9514539309773575,4.2759065365945865,1.8087042116617578,9.894406369758897
J03WPY,43,DFL-OBJ-002GMO,DFL-OBJ-002595,2.68,68,0.9774338469011997,2.6257274421589587,-121.33870251787566,0.6318822975210031,17.009767964710477,11.86823542612407,15.063543258064502,11.86823542612407,17.009767964710477
J03WPY,44,DFL-OBJ-00028V,DFL-OBJ-0028BZ,2.6,66,0.49565376285163226,11.166890571154978,34.198840475682545,2.4891723013887326,8.639398899384096,1.7887196366100018,4.536189326779378,1.7501632634566677,8.639398899384096
J03WPY,45,DFL-OBJ-002GMO,DFL-OBJ-002595,1.92,49,20.0,2.784890100868598,87.35669947768417,1.681525874187815,9.561084762134637,3.962553703444923,6.447497166119235,3.962553703444923,9.561084762134637
J03WPY,46,DFL-OBJ-002GM9,DFL-OBJ-J0178P,1.4000000000000001,36,17.535413605178526,0.29773806481426407,-2.4235799524889106,0.17103061985583753,14.033927193394764,9.376840229175206,11.846365364191843,9.376840229175206,14.033927193394764
J03WPY,47,DFL-OBJ-J01KJ5,DFL-OBJ-002GG4,2.52,64,1.4854594339427414,2.378574955935069,-53.208676105127594,1.1994164437601464,6.851130860138078,1.2851710515701738,3.1282543527200755,1.2851710515701738,6.851130860138078
J03WPY,48,DFL-OBJ-002GMO,DFL-OBJ-0028BZ,3.24,82,0.6253811770903356,5.690367650393326,-52.03314001739842,3.024231219753814,19.70518492625959,8.752147447948774,14.703478916459705,8.752147447948774,19.70518492625959
J03WPY,49,DFL-OBJ-002GMO,DFL-OBJ-002595,2.88,73,19.975062138568912,0.5080618683195551,-82.41367708834174,1.608012913845353,17.01613562653587,5.939172778456977,10.972919595576798,5.939172778456977,17.01613562653587
J03WPY,50,DFL-OBJ-0000NZ,DFL-OBJ-002595,4.16,105,0.3883184511249327,9.156692274243346,-84.39692738289753,1.2377483323723992,15.259440959834022,9.95179120564096,13.322303109006981,9.95179120564096,15.286027936831077
J03WPY,51,DFL-OBJ-0026RH,DFL-OBJ-0000EJ,3.0,76,0.9624520945442818,9.24545708998729,71.21906849934018,0.6354369822587255,2.169751350513507,1.0235907046659312,1.362645943538625,1.0235907046659312,2.169751350513507
J03WPY,52,DFL-OBJ-002FYC,DFL-OBJ-0000F8,3.08,78,20.0,1.6161646541369983,46.79361690589241,1.0047925772143025,3.2391191200564196,3.60441142593923,3.010601752346819,2.8019592800433935,3.60441142593923
J03WPY,53,DFL-OBJ-0026RH,DFL-OBJ-0001LJ,1.72,44,1.687357501501946,1.287642218621991,64.60993419125263,1.7762955481857907,5.015184022154823,3.4924778362412616,3.3280231882501297,2.767705603428016,5.015184022154823
J03WPY,54,DFL-OBJ-J01H9X,DFL-OBJ-002595,4.04,102,2.4662700638247044,1.323699055449143,68.87090422358105,2.6590856766443585,6.448035783795526,3.114312707179943,3.3903490936175387,2.227747241111403,6.448035783795526
J03WPY,55,DFL-OBJ-002G5J,DFL-OBJ-002GG4,3.96,100,19.988803729035887,1.0168496029737202,-144.40444572584929,3.747651773037383,13.103457087669854,3.5110235415861775,8.197458441863297,3.5110235415861775,13.103457087669854
J03WPY,56,DFL-OBJ-J01KJ5,DFL-OBJ-002GG4,0.96,25,0.5815436076808954,14.073800953074585,77.83550395254514,0.11166104511063513,6.053257953050148,4.443583356042055,5.124572756175796,4.443583356042055,6.053257953050148
J03WPY,57,DFL-OBJ-0000F8,DFL-OBJ-002595,2.36,60,0.7008981696270544,9.339399011219252,32.09723596112155,0.29483944505492954,4.780876933752038,3.7339647252012407,4.771341042195199,3.7339647252012407,5.2509200865947685
J03WPY,58,DFL-OBJ-0028T3,DFL-OBJ-002G5J,1.92,49,10.168991962142908,0.9402593460745549,24.511545426024796,0.2588751515092638,1.3214361548059934,0.9794285279484496,1.0922583889276607,0.8492690620803869,1.3214361548059934
J03WPY,59,DFL-OBJ-002GMO,DFL-OBJ-0028BZ,1.0,26,1.6890943475882472,4.977506781861643,-56.604565060617844,0.2999956138906975,0.9685919829397657,3.5572290155362185,1.7267934915429883,0.7525394712243495,3.5572290155362185
J03WPY,60,DFL-OBJ-002GMO,DFL-OBJ-0028BZ,1.8800000000000001,48,20.0,2.368643247597761,-78.1890051557202,0.7732142958811477,9.968127221415484,0.9698997414966046,5.199451359725036,0.9698997414966046,9.968127221415484
J03WPY,61,DFL-OBJ-002595,DFL-OBJ-0000F8,2.2800000000000002,58,20.0,1.0955642581211629,100.83475155028185,0.9413988950411273,3.944253954771448,0.8392408230465375,1.9155590568451837,0.8392408230465375,3.944253954771448
J03WPY,62,DFL-OBJ-002FXT,DFL-OBJ-002G68,2.44,62,1.7123636286064994,4.171417577132775,68.50183682553212,2.1598864282660526,2.366915191891283,1.0866796341585803,1.3446904019903068,0.9305960657879963,2.366915191891283
J03WPY,63,DFL-OBJ-002GMO,DFL-OBJ-0028BZ,2.04,52,1.4927319923142814,4.547675460963594,27.62634723077321,0.4963149791309118,11.067595390255747,2.878680675693314,7.105622467094277,2.878680675693314,11.067595390255747
J03WPY,64,DFL-OBJ-0026RH,DFL-OBJ-0001LJ,1.76,45,0.23321146141429253,20.0,9.612282874496822,1.5565487248497314,4.46711522335411,2.721878561906393,3.08621760249948,2.721878561906393,4.46711522335411
J03WPY,65,DFL-OBJ-002GMO,DFL-OBJ-J0178P,2.24,57,0.14942705709334902,20.0,-86.25632201223283,0.5516508888215409,17.939724397183667,14.7678691044448,16.936010103928734,14.7678691044448,17.98397367871568
J03WPY,66,DFL-OBJ-0026RH,DFL-OBJ-0001LJ,2.12,54,0.2311258221952769,20.0,75.20162033412697,1.0026548028903899,1.3457294383397689,0.8403840789839745,0.9686727776245851,0.5455414211691346,1.3457294383397689
J03WPY,67,DFL-OBJ-002FXT,DFL-OBJ-002G68,4.36,110,20.0,0.48037033768262993,175.57739088737233,6.245113341843304,3.417736605336718,1.1584605856197487,3.1248972443574807,1.1584605856197487,3.8830497224972036
J03WPY,68,DFL-OBJ-002G68,DFL-OBJ-002FXT,3.4,86,0.4628907389214685,16.626490287047204,34.09171978342069,0.8345450868640328,2.7259723221134537,0.7001685683020322,2.2455547728934513,0.7001685683020322,3.0866840060201013
J03WPY,69,DFL-OBJ-002GM9,DFL-OBJ-0028BZ,1.8,46,6.1210822801258615,2.2541617944706456,-86.37161950455824,0.6113993617023091,12.413890240326618,9.920982421472766,10.291006676487937,9.536867514921449,12.413890240326618
J03WPY,70,DFL-OBJ-002G5J,DFL-OBJ-002G68,1.84,47,0.3080603479154265,20.0,-31.735067705501386,1.2087672938412253,4.537967792439967,0.5730215319541109,2.177147085656076,0.5060834914550145,4.537967792439967
J03WPY,71,DFL-OBJ-002G68,DFL-OBJ-002G5J,2.0,51,1.7720559942832013,5.451821545407577,17.431679545355653,0.7601531015432744,5.785222625674808,4.218529321329696,5.215542388222362,4.218529321329696,5.786699989609053
J03WPY,72,DFL-OBJ-0000NZ,DFL-OBJ-002595,2.12,54,0.4577965837931054,14.895312800568334,-49.789070738327055,0.2949085838911151,8.661670330633621,3.378632304641347,6.1353836451729205,3.378632304641347,8.661670330633621
J03WPY,73,DFL-OBJ-002G78,DFL-OBJ-J01KJ5,1.56,40,0.6659279752547624,10.090940133153143,-64.07373451893162,0.20008526037751972,3.352261239048368,0.8621620227613194,1.6797592341275784,0.7672061970605704,3.352261239048368
J03WPY,74,DFL-OBJ-J01KJ5,DFL-OBJ-002GG4,2.88,73,20.0,3.362804300472617,178.64888607494,6.165511505553653,9.223119521107995,2.3657477337859736,3.4030065140988732,0.7884072313006022,9.223119521107995
J03WPY,75,DFL-OBJ-0000F8,DFL-OBJ-002G68,1.96,50,1.9102825309220786,4.754810558757453,44.802182319733845,2.8661325712640564,3.8310396552241146,1.1980562829443815,2.2740787343901347,1.1980562829443815,3.8341332332917473
J03WPY,76,DFL-OBJ-J01CP5,DFL-OBJ-002GG4,1.72,44,0.3956685259279858,20.0,64.20079625534537,0.14101694302226303,3.617712788745813,1.3014681555138319,2.4554480755718644,1.3014681555138319,3.617712788745813
J03WPY,77,DFL-OBJ-002FXT,DFL-OBJ-00008F,2.04,52,2.2857556098634313,3.7543655372563336,-180.0,0.8672369178195619,2.0723202741549356,0.8822373606805087,0.910898435054248,0.502535944867256,2.0723202741549356
J03WPY,78,DFL-OBJ-002GM9,DFL-OBJ-002G78,1.8800000000000001,48,18.865678008551463,2.5913013983077353,-86.32572349876516,0.2673655285677269,8.570644270633384,2.6984834833888165,5.0566706806013855,2.6984834833888165,8.570644270633384
J03WPY,79,DFL-OBJ-J01KJ5,DFL-OBJ-0028T3,4.48,113,0.43250775554754295,20.0,8.328816647665034,6.9394955239240375,8.322622905131364,2.15702074406725,2.537083996998735,1.148363799593594,8.322622905131364
J03WPY,80,DFL-OBJ-0026IA,DFL-OBJ-002GM1,2.68,68,0.7757836718056992,9.316014318226761,21.077965024944568,0.7513591273558142,7.075222880100184,1.758357233998588,3.7887996738284784,1.7461507775115144,7.075222880100184
J03WPY,81,DFL-OBJ-0000NZ,DFL-OBJ-002G78,3.44,87,20.0,1.2218410389734835,-110.94868455523937,2.378632663022801,12.340952565187289,2.6669540348364875,7.581994782788498,2.6669540348364875,12.340952565187289
J03WPY,82,DFL-OBJ-0000NZ,DFL-OBJ-00286U,1.84,47,19.947266013703288,2.50292036069895,-137.28377863112925,2.0572546460564833,7.192494588747295,1.3374260569833185,3.3818066220566507,1.3374260569833185,7.192494588747295
J03WPY,83,DFL-OBJ-00028V,DFL-OBJ-0028T3,1.8,46,0.25769449596795896,20.0,-78.09977936963298,0.4329415495174616,4.053526893073981,3.0123064007934492,3.614490486459313,3.0123064007934492,4.053526893073981
J03WPY,84,DFL-OBJ-J01KJ5,DFL-OBJ-0001BX,1.72,44,1.1934503950948065,8.003878881109276,64.72697351872546,0.5601338711138915,1.81598291663805,2.751431254097194,2.9876871597876926,1.81598291663805,3.7174926103668966
J03WPY,85,DFL-OBJ-002GMO,DFL-OBJ-0028BZ,2.2,56,4.226540193965756,3.7488086686179565,-98.45245351718032,0.8402394700524646,11.482562025112676,5.6480848632006015,7.357488213976073,5.516686859867566,11.482562025112676
J03WPY,86,DFL-OBJ-002GM9,DFL-OBJ-00286U,1.76,45,0.6127927002520184,7.725580856855142,73.49704110815046,0.33762397858531984,14.836055127169336,10.599500992081092,12.76392376143484,10.599500992081092,14.836055127169336
J03WPY,87,DFL-OBJ-0000NZ,DFL-OBJ-002G78,2.12,54,20.0,1.1860553710217934,-106.74046972500932,0.8086943015067424,14.487627210824988,3.3289173354112904,8.742136960219927,3.3289173354112904,14.487627210824988
J03WPY,88,DFL-OBJ-002FXT,DFL-OBJ-J01K2L,1.72,44,2.298169267594915,6.202383387727883,-46.63374084512344,0.48763709794853755,2.4881667713211675,0.5511841232379057,1.4268814177128688,0.5511841232379057,2.4881667713211675
J03WPY,89,DFL-OBJ-002GMO,DFL-OBJ-00286U,2.0,51,1.0382541548166793,7.205327691428815,-60.153852772835194,0.18338762271338105,11.125616910370434,3.8081651363208566,7.6752327602249855,3.8081651363208566,11.125616910370434
J03WPY,90,DFL-OBJ-J01KJ5,DFL-OBJ-0028T3,2.2800000000000002,58,20.0,3.2252381944052964,-113.90956376776691,2.295724953096369,8.625481032539081,0.9396465979266757,4.0361980626423595,0.9396465979266757,8.625481032539081
J03WPY,91,DFL-OBJ-0026IA,DFL-OBJ-002GM1,7.0,176,1.6951330056769445,3.538969258499454,43.098571267207525,3.5622336785164763,4.795911161265099,0.8507412072503346,1.39853640219387,0.4444352227622876,4.795911161265099
J03WPY,92,DFL-OBJ-002FXT,DFL-OBJ-0026IA,1.76,45,0.3305268911004199,20.0,-54.5192303904066,1.2511046175607332,7.805740040717221,4.137158751404971,5.728412114638648,4.137158751404971,7.805740040717221
J03WPY,93,DFL-OBJ-002FXT,DFL-OBJ-0026IA,2.16,55,0.2490536223939628,18.781640063164403,-45.74390880782961,1.5073221054209809,10.051302337928396,2.4949990940143474,6.694928484374102,2.4949990940143474,10.051302337928396
J03WPY,94,DFL-OBJ-J01KJ5,DFL-OBJ-002G78,5.36,135,0.289644915212783,20.0,23.530107963356592,9.32417972154039,7.228390374553427,2.359716634187515,3.065811672025605,1.6391268074000334,7.228390374553427
J03WMX,0,DFL-OBJ-0002F5,DFL-OBJ-0028BD,2.56,65,2.0496488228553744,5.828218811473557,42.32178935914537,1.9171554161946154,7.744013776528575,2.4070173346470143,3.9481145378780385,2.354413599913988,7.744013776528575
J03WMX,1,DFL-OBJ-0027KL,DFL-OBJ-000270,1.84,47,11.405375016420907,2.4483234046720685,-70.4285535734585,0.5924788538465641,13.220695558493304,4.52020283032626,8.822332270186449,4.52020283032626,13.220695558493304
J03WMX,2,DFL-OBJ-0027AX,DFL-OBJ-0002F5,1.76,45,14.714311724535706,3.2441074610399716,-76.56806343236953,0.48916334849621085,2.515689162351703,0.323643604705643,1.4837547390668804,0.323643604705643,2.515689162351703
J03WMX,3,DFL-OBJ-0002F5,DFL-OBJ-000270,1.56,40,14.908822240559918,1.4503980078692575,-47.43806441553601,0.20552940507765471,5.118739569461175,3.104968803244148,3.539530109785244,3.0663672279235543,5.118739569461175
J03WMX,4,DFL-OBJ-0028BD,DFL-OBJ-0027G0,2.08,53,0.3768438178499702,11.278401476861257,180.0,0.498250342801301,5.210608262562573,5.226681025051213,5.212825419964433,5.137669072440958,5.264861369992983
J03WMX,5,DFL-OBJ-J017RE,DFL-OBJ-000270,1.8,46,1.0672626640011222,4.662919901218195,-9.434313667519179,0.9491853420327203,8.929088003628692,8.778354118492947,8.800667741783673,8.594405231541819,9.044133852902805
J03WMX,6,DFL-OBJ-0027B6,DFL-OBJ-0027G6,1.6,41,0.35474653171434173,20.0,-50.41528797956068,0.16167961875973583,8.33948481348991,2.5081204514404805,4.906729557069222,2.5081204514404805,8.33948481348991
J03WMX,7,DFL-OBJ-J01APO,DFL-OBJ-J01BGM,2.32,59,20.0,2.7258981100985906,-89.23777035653399,1.1980680516197957,15.436320043457417,5.527079092220221,10.11524805473086,5.527079092220221,15.436320043457417
J03WMX,8,DFL-OBJ-J01APO,DFL-OBJ-J01BGM,3.36,85,6.259200686148448,2.112160291867396,55.86629805051844,0.8704990399852929,12.965796653411806,1.7518700423087552,7.4338953868409545,1.7518700423087552,12.965796653411806
J03WMX,9,DFL-OBJ-J01BGM,DFL-OBJ-J01APO,1.72,44,0.7233659229093968,7.151845051852391,51.99366295438615,0.23879370485768572,1.2105338346322125,0.7929941840388948,0.7492117797428168,0.48999716344550026,1.2105338346322125
J03WMX,10,DFL-OBJ-0027B6,DFL-OBJ-0027G6,3.08,78,0.23858058340096389,20.0,-54.316505312343914,0.9231004715628934,18.560411230485883,11.48349028397303,15.579481294845927,11.48349028397303,18.560411230485883
J03WMX,11,DFL-OBJ-0027B6,DFL-OBJ-0027G6,2.72,69,0.9729865938088605,6.160236863800668,-11.589969300748864,2.1545391088607264,11.490155173630923,3.5149134583466397,5.814248464627218,3.15511743648354,11.490155173630923
J03WMX,12,DFL-OBJ-002G4A,DFL-OBJ-0000IA,3.2800000000000002,83,20.0,0.635815988338271,-47.11276800639768,4.18521992677239,11.284367147013477,1.116820192309853,7.066618575093116,1.116820192309853,11.284367147013477
J03WMX,13,DFL-OBJ-0027KL,DFL-OBJ-000270,3.16,80,4.158303814883187,3.9152374005754016,-84.69462697613042,0.6582147656064522,12.513343606188624,0.5495705643657537,5.220609474531228,0.5495705643657537,12.513343606188624
J03WMX,14,DFL-OBJ-0027B6,DFL-OBJ-0000IA,2.0,51,19.998937000948626,1.5473200715935478,-79.57882462880272,0.6128248356492374,6.9177805887692045,3.1835642041153225,4.665962321483025,3.1835642041153225,6.9177805887692045
J03WMX,15,DFL-OBJ-00012X,DFL-OBJ-0002AU,3.0,76,20.0,3.2989446241155256,-110.50909698749699,5.528298571800949,9.527695761554419,2.8636720467240875,3.7387199443889942,1.0419262816976107,9.527695761554419
J03WMX,16,DFL-OBJ-002G4A,DFL-OBJ-0027G6,2.7600000000000002,70,19.688580520235075,2.3697493201196416,66.97170999723058,4.691834446873801,8.9527059720933,1.423618856775291,4.620934568017158,1.423618856775291,8.9527059720933
J03WMX,17,DFL-OBJ-0026PM,DFL-OBJ-002GKO,2.32,59,20.0,2.442879366405244,72.26039220865779,1.8628817710333512,6.1568174126829085,0.8359273886757358,3.2624698667766507,0.8359273886757358,6.1568174126829085
J03WMX,18,DFL-OBJ-0002AU,DFL-OBJ-002GKO,1.84,47,0.6577865110337155,8.79257321970565,61.456567331520134,0.8828072011705701,3.044915842779289,1.1541264628554184,1.7060324190576928,1.1541264628554184,3.044915842779289
J03WMX,19,DFL-OBJ-0028BD,DFL-OBJ-0027G0,4.0,101,20.0,0.4998754066888941,-154.0392764814586,2.127860420728002,3.0322071184775385,1.0418218694099923,1.5206723873024879,0.7062231114758035,3.0322071184775385
J03WMX,20,DFL-OBJ-000270,DFL-OBJ-0027KL,1.44,37,19.993075549293152,0.9787069025113669,-111.76688163934658,0.9473773908801323,1.2638125299402565,0.46338653921503414,0.7932460724961673,0.46338653921503414,1.2638125299402565
J03WMX,21,DFL-OBJ-J01APO,DFL-OBJ-J01BGM,4.72,119,0.3239640859956133,20.0,36.894756598578915,1.6805762853912323,15.375883514549695,2.084370479185406,9.3536528106794,2.084370479185406,15.375883514549695
J03WMX,22,DFL-OBJ-002GKO,DFL-OBJ-0002F5,3.4,86,1.3823944308748932,4.191211330553024,-146.13014304673854,4.255272530227206,9.049831411445707,5.862186602357332,8.507660861147333,5.862186602357332,9.34398880244607
J03WMX,23,DFL-OBJ-002GKO,DFL-OBJ-0002F5,1.48,38,20.0,3.780359733842266,29.638236263010498,0.3359288040971744,3.0842108481548722,0.5275056652729827,2.4432521397693394,0.5275056652729827,3.212387625589505
J03WMX,24,DFL-OBJ-J01D1W,DFL-OBJ-0000IA,1.8,46,0.863176508179213,9.33710198764708,50.34919260015425,0.3750630219741135,6.8679439523414425,1.1604215425860422,3.4970012607059373,1.1604215425860422,6.8679439523414425
J03WMX,25,DFL-OBJ-000270,DFL-OBJ-J017RE,2.2,56,20.0,1.48571790716824,38.53151713390209,0.28500925636766433,11.138114627798508,9.101569032311433,11.855608375458297,9.101569032311433,13.017684887755
J03WMX,26,DFL-OBJ-0027AX,DFL-OBJ-0002F5,2.6,66,20.0,3.861609820751649,-135.4025723323413,3.141871437825945,4.340298467170068,1.6514029463785984,2.097682731214012,1.3189477532541158,4.340298467170068
J03WMX,27,DFL-OBJ-0028BD,DFL-OBJ-0026PM,1.32,34,0.38993663797693634,13.723583648857428,61.126138154860826,1.088164595919226,3.0386322127524203,2.7656737317997826,2.7537879405610997,2.417535217879232,3.1103775600091956
J03WMX,28,DFL-OBJ-0027KL,DFL-OBJ-0027AX,2.24,57,0.5611024842653415,10.375629949790808,-42.84743868471732,0.18779734937734857,11.751144464905492,2.986237629578927,7.338762955843307,2.986237629578927,11.751144464905492
J03WMX,29,DFL-OBJ-0002BO,DFL-OBJ-0026PM,1.08,28,19.990448426245553,0.43495040449217937,108.19137402698864,0.10330199533120646,6.482892272424793,6.029489654270135,6.399426717003345,6.029489654270135,6.521516301340028
J03WMX,30,DFL-OBJ-0002F5,DFL-OBJ-0028BD,3.72,94,1.237204846254746,7.442937996196501,6.8693104494397845,3.4682351444387414,1.517652418705664,1.3296338682150708,1.883821989328147,1.077957057434684,2.893599119035501
J03WMX,31,DFL-OBJ-002G4A,DFL-OBJ-0027G6,1.8800000000000001,48,0.49330862196204345,12.028081597154436,-22.201043296019968,0.23149820915591554,5.278740362039514,0.9657734989754908,2.955276930785441,0.9657734989754908,5.278740362039514
J03WMX,32,DFL-OBJ-002GKO,DFL-OBJ-J01B8N,4.04,102,0.24468315387544137,20.0,-26.68384677933567,3.953214100831494,7.070276060178996,1.7651444985820104,2.9100564410853424,1.5100139374073611,7.070276060178996
J03WMX,33,DFL-OBJ-0027B6,DFL-OBJ-0026PM,1.44,37,2.298784866899727,2.0393840855910623,42.56220144239105,0.15505425115412907,8.814624432565342,7.864423552574686,8.356489193398248,7.864423552574686,8.814624432565342
J03WMX,34,DFL-OBJ-J01D1W,DFL-OBJ-0002AU,7.28,183,0.20890460508607062,3.9512562984737136,91.78304131840895,19.91373125670776,19.776544366082884,2.4660224862080504,11.39515614635246,2.4660224862080504,19.776544366082884
J03WMX,35,DFL-OBJ-0027KL,DFL-OBJ-000270,5.68,143,20.0,1.6110507558069562,-144.00183145012483,8.51576033928658,13.296410655763042,1.1751365711926245,4.631230406122388,1.1092293741358277,13.296410655763042
J03WMX,36,DFL-OBJ-J01B8N,DFL-OBJ-002GKO,4.28,108,0.5049568974770156,9.512104701875908,-26.171231693400944,1.5038209957721336,4.983968833126207,1.554509058641031,3.881397597388514,1.554509058641031,4.983968833126207
J03WMX,37,DFL-OBJ-J01D1W,DFL-OBJ-0026PM,1.76,45,3.7873365152027403,4.479248732901917,-79.00935030181637,0.5436420103666234,8.810005559140524,2.638311381002391,5.459436660114542,2.638311381002391,8.810005559140524
J03WMX,38,DFL-OBJ-J01D1W,DFL-OBJ-0027G6,2.56,65,20.0,2.771837391020514,74.15548933445284,2.375017805607853,9.058927484641268,0.6691451414335882,4.547718704898316,0.6691451414335882,9.058927484641268
J03WMX,39,DFL-OBJ-002G4A,DFL-OBJ-0000IA,3.44,87,2.7521456766220354,3.5462490416971644,72.64768052236829,2.8438167158563337,6.883766700225573,2.429524393383205,4.559145133317092,2.429524393383205,6.883766700225573
J03WMX,40,DFL-OBJ-J01D1W,DFL-OBJ-0027G6,0.96,25,17.487975827493543,2.3852375604371674,107.16862265017308,0.061033125897967305,8.587987841835306,5.9367020742140335,7.12359754419456,5.9367020742140335,8.587987841835306
J03WMX,41,DFL-OBJ-00012X,DFL-OBJ-0027KL,3.7600000000000002,95,0.2697994469562975,18.250605762943632,29.19055547240619,4.46704971900111,2.808462686424288,2.2317397927126756,1.323849912357422,0.6719759509848782,2.808462686424288
J03WMX,42,DFL-OBJ-002GKO,DFL-OBJ-J01APO,2.64,67,20.0,4.499759188028361,-118.47614802404921,2.5302011171998307,3.971396127256944,1.8314947999289881,2.1108543590210194,1.3065839849083745,3.971396127256944
J03WMX,43,DFL-OBJ-0002BO,DFL-OBJ-0026PM,1.76,45,20.0,0.8836739282787861,-146.82650212272208,0.27956367405150984,8.594149124434056,1.543064400904701,5.046787242988275,1.543064400904701,8.594149124434056
J03WMX,44,DFL-OBJ-0028BD,DFL-OBJ-0027G0,1.96,50,20.0,1.1764702535426697,-94.70306028459557,1.4076603828536076,8.106111039074696,1.4617650761362742,4.420422934848184,1.4617650761362742,8.106111039074696
J03WMX,45,DFL-OBJ-0002BO,DFL-OBJ-0026PM,2.08,53,20.0,0.9451238024573302,-106.73498218510139,1.1381426453586607,9.56222502638309,2.8102806424447286,5.919800985184969,2.8102806424447286,9.56222502638309
J03WMX,46,DFL-OBJ-0027B6,DFL-OBJ-0000IA,1.6400000000000001,42,20.0,2.97676505305391,-179.52850095928562,0.7961725178753065,6.953944972656058,12.668233532581013,9.204776526487077,6.953944972656058,12.668233532581013
J03WMX,47,DFL-OBJ-002GKO,DFL-OBJ-J01B8N,1.16,30,19.87368307176256,3.4563673721150097,-137.40058806658578,0.11772332134377744,2.035216636427183,1.0974687141705062,1.7179793314430616,1.0974687141705062,2.038767003492297
J03WMX,48,DFL-OBJ-0002BO,DFL-OBJ-0027G6,3.68,93,19.99604671301948,0.8570426397907263,-4.7205669036351905,5.541787292471932,6.326549498477073,2.1403464024143637,7.696398726978809,2.1403464024143637,10.334813907945026
J03WMX,49,DFL-OBJ-00012X,DFL-OBJ-0026PM,2.16,55,19.988093369824252,2.9975654389167543,-135.13079778139235,2.5971803023893436,5.449507717640688,1.682498293944357,2.3848758306780815,1.278003510677829,5.449507717640688
J03WMX,50,DFL-OBJ-0027B6,DFL-OBJ-0027G6,1.52,39,0.7913616200340695,7.810454594916177,-74.98131995922395,0.12216885459288422,11.303069475266732,7.437350205433012,9.175149896386749,7.437350205433012,11.303069475266732
J03WMX,51,DFL-OBJ-00012X,DFL-OBJ-0002AU,1.8,46,5.305850174635018,1.8116169067635184,109.89490815802851,0.37156801625504093,7.389092773498405,1.6633553308239188,4.753251573065211,1.6633553308239188,7.389092773498405
J03WMX,52,DFL-OBJ-J01APO,DFL-OBJ-0002BO,2.16,55,0.3270011561333543,20.0,67.36660625684848,0.7912499644254248,5.384330495596786,4.033674739393016,4.6744437636582274,4.033674739393016,5.384330495596786
J03WMX,53,DFL-OBJ-J01APO,DFL-OBJ-0028BD,4.12,104,20.0,1.1970243668231149,28.150157846072638,5.905696669479078,8.702253157038305,1.9447964196329286,3.989886821620599,1.757136349052768,8.702253157038305
J03WMX,54,DFL-OBJ-J01D1W,DFL-OBJ-0002AU,2.0,51,0.9687303758768979,7.85021101355984,53.36334484401219,0.2679145920261902,10.351322150958717,1.5085916784066982,6.100072186113821,1.5085916784066982,10.351322150958717
J03WMX,55,DFL-OBJ-00012X,DFL-OBJ-0026PM,1.6400000000000001,42,20.0,4.852279649611776,-102.13027772931449,0.5603222305968412,6.602239378095017,2.961023632033755,4.250623048133325,2.961023632033755,6.602239378095017
J03WMX,56,DFL-OBJ-002G4A,DFL-OBJ-0002AU,3.88,98,0.5009211137885884,6.7972160483321735,-43.49337581808755,2.420752769064654,12.708461711343604,4.564960413594094,7.0298348026711865,3.849744832914528,12.708461711343604
J03WMX,57,DFL-OBJ-J01D1W,DFL-OBJ-0002AU,1.32,34,0.6686429178308625,10.988617757100204,-116.81425387328366,0.10674328585046017,1.0768706233000078,0.825926062236286,0.6420903601990835,0.4561246859537978,1.0768706233000078
J03WMX,58,DFL-OBJ-0002BO,DFL-OBJ-0000IA,2.56,65,1.3827455337986694,2.4961502719901496,-67.85329044172802,2.5845100722191674,8.995095354958313,5.431284292276001,7.277247465398567,5.431284292276001,8.995095354958313
J03WMX,59,DFL-OBJ-0027AX,DFL-OBJ-J01APO,3.2800000000000002,83,3.515783755743288,4.056631340107514,87.78714556723554,3.1232300410346983,4.999996891832934,2.7841986922352127,3.4833365861795715,2.7841986922352127,4.999996891832934
J03WMX,60,DFL-OBJ-00012X,DFL-OBJ-0027G6,2.2800000000000002,58,1.0390717127635805,5.7763485279500895,61.959077921764084,0.41274797461933094,11.75454775730394,3.768065653152901,8.11202259219312,3.768065653152901,11.75454775730394
J03WMX,61,DFL-OBJ-0026PM,DFL-OBJ-002GKO,4.76,120,20.0,2.4243487176447287,-6.607952944542468,3.890955564821325,9.143890789195368,1.1429136882574487,4.839287972889073,1.1429136882574487,9.143890789195368
J03WMX,62,DFL-OBJ-0027B6,DFL-OBJ-0027G6,2.68,68,19.912710750668715,0.4696153401478599,24.794351093341458,1.9387323514991333,12.208149134118942,6.304488776283388,9.730327786853247,6.304488776283388,12.208149134118942
J03WMX,63,DFL-OBJ-J01BGM,DFL-OBJ-J01B8N,1.6400000000000001,42,2.0850053702731297,5.709149931993267,-89.79251700769613,0.07571206960227425,2.2041574507882467,1.4350061338174183,1.867736664551075,1.4350061338174183,2.2041574507882467
J03WMX,64,DFL-OBJ-J01BGM,DFL-OBJ-J01B8N,1.2,31,0.5203768732649633,14.900201071034603,-63.73633339884192,0.15679211187844572,2.9830611781049563,1.3663046136103492,2.377666496761927,1.3663046136103492,2.9830611781049563
J03WMX,65,DFL-OBJ-J01APO,DFL-OBJ-0028BD,1.92,49,1.5422597121138757,3.1999446213035627,28.344039414096564,1.0915067983770494,2.961608426375385,1.4882728596899215,1.6679381524670094,0.8857650670284222,2.961608426375385
J03WMX,66,DFL-OBJ-J01B8N,DFL-OBJ-J01DVC,3.08,78,1.4633902605920512,3.662512201443603,20.385599949868567,1.7730816239210374,7.132737211250323,1.4472822340127112,2.852715020091778,1.4177787061049174,7.132737211250323
J03WMX,67,DFL-OBJ-002GKO,DFL-OBJ-0002F5,1.8800000000000001,48,0.626897124594517,11.886300838766122,-23.12741574898874,0.261776347310874,6.669207230228934,0.7902122525420501,3.6281983272059364,0.7902122525420501,6.669207230228934
J03WMX,68,DFL-OBJ-0027B6,DFL-OBJ-0002F5,1.92,49,2.0148513735497056,4.890836643169891,-146.0062262463715,0.7635687111936708,10.917109758185056,14.111490113425088,11.40007396814797,10.097578779689451,14.111490113425088
J03WMX,69,DFL-OBJ-0028BD,DFL-OBJ-J01APO,5.92,149,20.0,0.84007957872905,177.31857818956064,9.985848070777864,6.081166327035186,1.276366355139759,4.1901622516836685,1.2668100209890434,7.798519685205703
J03WMX,70,DFL-OBJ-0027B6,DFL-OBJ-0026PM,1.56,40,0.34045106571234096,20.0,-52.57039301302776,0.1809915604133422,8.421336225347197,4.19449277336247,5.796705718264887,4.19449277336247,8.421336225347197
J03WMX,71,DFL-OBJ-0028BD,DFL-OBJ-0027G0,1.24,32,13.096929723369442,1.725651258967343,-63.2868527320616,0.43811048385404866,2.7308849602447065,2.8575217042978274,2.863215650973057,2.720576846128042,2.9805032584183326
J03WMX,72,DFL-OBJ-J01D1W,DFL-OBJ-0002AU,4.08,103,20.0,0.22874960942695627,87.86631687141728,3.8547280942023554,14.691425478517617,10.448544871336475,12.421933810828031,10.448544871336475,14.691425478517617
J03WMX,73,DFL-OBJ-0027B6,DFL-OBJ-0026PM,2.04,52,20.0,2.794845874125026,104.67200566583922,0.8789563291723609,7.590462342042924,4.556556595321536,5.405569978363772,4.513218018202288,7.590462342042924
J03WMX,74,DFL-OBJ-002G89,DFL-OBJ-0027KL,1.6,41,19.992288483370913,0.6356332329789842,-91.67993925096403,0.7992847298656769,1.094956394035215,1.5562815647145598,1.443364813302427,1.094956394035215,1.7322630546501498
J03WMX,75,DFL-OBJ-00012X,DFL-OBJ-J01APO,2.56,65,19.99671454702487,2.2797527061218146,-142.95329451781132,2.011087973111341,7.795870188247248,0.8304095928733286,2.166854873197456,0.47946745451822304,7.795870188247248
J03WMX,76,DFL-OBJ-002GKO,DFL-OBJ-000191,3.12,79,0.6941245782286257,9.15326609690416,-74.30577623881167,0.6471348487171662,9.316714230575366,3.6362258464869117,6.530515184106198,3.6362258464869117,9.316714230575366
J03WMX,77,DFL-OBJ-002G89,DFL-OBJ-J017RE,3.72,94,12.472644363156286,2.4114808177783056,-173.30230906104723,2.6932748786200746,2.311962532252482,1.8513972748472252,1.965462488922,1.6645384356377904,2.371318082578583
J03WMX,78,DFL-OBJ-0027G0,DFL-OBJ-002G89,2.36,60,0.9094498836287657,8.067349338978865,-50.232240635186145,0.671516537245809,11.865651480656028,2.172505288495645,6.781426225506919,2.172505288495645,11.865651480656028
J03WMX,79,DFL-OBJ-0027B6,DFL-OBJ-0027G6,2.92,74,0.3212602566611385,14.126762689683877,-51.36151299025883,4.204682158269229,11.991573943912787,3.766842969926547,7.1741922251356,3.766842969926547,11.991573943912787
J03WMX,80,DFL-OBJ-00012X,DFL-OBJ-J01APO,5.28,133,20.0,0.21131150642322316,-53.63578811832508,5.659339100692105,18.899803916108077,2.766290419094096,11.224478549908868,2.766290419094096,18.899803916108077
J03WMX,81,DFL-OBJ-002GBW,DFL-OBJ-0027KL,1.48,38,20.0,1.2652289470699778,51.66781884316257,0.7184903982638811,2.631953749942408,1.0213875705985018,2.265741798270864,1.0213875705985018,2.759538090414617
J03WMX,82,DFL-OBJ-00012X,DFL-OBJ-J017RE,1.76,45,0.6278649626577215,7.7355503502539955,-100.14592368556191,0.8964574363798793,1.494075780446802,0.5354959074532886,0.8141879034324971,0.38237800959891904,1.494075780446802
J03WMX,83,DFL-OBJ-0027KL,DFL-OBJ-002GBW,1.76,45,20.0,2.251269772135673,-5.811024387540902,2.142245587160618,1.366027962927116,1.767347110956826,1.83767262529291,1.366027962927116,2.1294980013781744
J03WMX,84,DFL-OBJ-0027B6,DFL-OBJ-J01N65,2.0,51,0.7397792550024932,9.422690802676202,-54.79729568961566,0.7730378660428753,8.025978975679413,4.563618989611133,7.355603748084229,4.563618989611133,8.202006131625245
J03WMX,85,DFL-OBJ-J01N65,DFL-OBJ-0027B6,2.4,61,0.4904145967177672,14.358342444603375,45.06693613353221,0.6429760973239323,8.457340782492405,1.500979623711987,5.245225950156859,1.500979623711987,8.457340782492405
J03WN1,0,DFL-OBJ-0002LI,DFL-OBJ-0027FG,1.84,47,0.8268940426490599,9.566053831459072,-18.23318190578389,0.23708218225066657,6.126757058079615,1.6465455280954653,3.874667771409884,1.6465455280954653,6.126757058079615
J03WN1,1,DFL-OBJ-0000XU,DFL-OBJ-J01KDN,2.68,68,3.364948408095793,2.9852125054534318,60.137065667531836,0.9561142754755318,12.85093195801216,4.638561161120937,8.723321935268117,4.638561161120937,12.85093195801216
J03WN1,2,DFL-OBJ-0028NB,DFL-OBJ-002GOI,1.32,34,4.5152844774239,2.1648930863063063,45.34668031469028,0.2610121774780244,3.8828003750173044,1.8877736059157024,3.2463975299026875,1.8877736059157024,3.8828003750173044
J03WN1,3,DFL-OBJ-J014F7,DFL-OBJ-002G02,1.96,50,20.0,2.6928695050485922,-152.9940040793221,0.35733494207412625,12.007102319734448,10.805558439882311,11.178113138540287,10.639937642660485,12.007102319734448
J03WN1,4,DFL-OBJ-0027LO,DFL-OBJ-002GBK,1.8,46,0.9105563605439654,6.734721861058085,-38.90160192392154,0.8046460297487699,6.910272828647313,1.7986946569707352,4.192316992514552,1.7986946569707352,6.910272828647313
J03WN1,5,DFL-OBJ-0027FG,DFL-OBJ-002GAR,1.04,27,6.129388698629284,2.2037727459093723,-48.071983968607384,0.023523703592959307,4.204279778504514,5.255307826340542,4.831425988541395,4.204279778504514,5.255307826340542
J03WN1,6,DFL-OBJ-0027FG,DFL-OBJ-002GAR,4.24,107,20.0,1.37223166382439,94.61242234672858,5.967235555469007,5.3920841462836036,1.8170606173325752,4.028812686370732,1.8170606173325752,5.970561174953
J03WN1,7,DFL-OBJ-002GBK,DFL-OBJ-J016C3,7.92,199,0.5317078741354226,11.57348438638012,-21.209648115172257,3.1368594816838535,0.9952487431528594,0.7436341997364702,1.5501678424577843,0.36497481322282754,2.808815742655726
J03WN1,8,DFL-OBJ-002GM0,DFL-OBJ-J013O2,4.5200000000000005,114,1.3192935870267315,2.7533967894800053,81.03531997434249,1.9784023632701344,17.518016427322134,11.72839074281563,14.247661684115148,11.524489354798181,17.518016427322134
J03WN1,9,DFL-OBJ-002GM0,DFL-OBJ-002GBK,1.32,34,0.7340062337753905,8.13668042109925,75.86514581852818,0.47634820645049225,2.155031134110389,1.425536343366269,1.3586123114300783,1.079871901480564,2.155031134110389
J03WN1,10,DFL-OBJ-0000YV,DFL-OBJ-0001UP,2.36,60,0.929648361563856,4.802848792237428,83.8795090239068,1.8716449788956353,4.807392525795248,1.919556179409152,3.0699930835722555,1.919556179409152,4.807392525795248
J03WN1,11,DFL-OBJ-0027FG,DFL-OBJ-002GAR,2.32,59,5.819517578721067,1.862100134280789,180.0,0.94407056806106,1.7152789359058327,1.6054111265053366,1.3654077584750375,0.9041750851395672,1.8617633352442908
J03WN1,12,DFL-OBJ-002GOI,DFL-OBJ-0028NB,2.64,67,1.2784890922487924,6.025496743099505,-21.642469955890594,1.633767998682547,1.5468802532994035,0.5760015432078159,1.0820443136989757,0.537816255800882,1.5858272867135488
J03WN1,13,DFL-OBJ-0027LO,DFL-OBJ-0002LI,1.24,32,19.999556446243854,2.0647985844161933,13.221224707555908,0.26845048367636737,3.457895126211289,1.25516716899474,1.8255813841586894,0.6856613798059599,3.457895126211289
J03WN1,14,DFL-OBJ-0002LI,DFL-OBJ-000199,5.08,128,0.3721085504118523,20.0,-48.482036052890365,4.307447565570171,4.6539399776998716,1.8922162765037396,2.8090203109606238,0.8005043552955052,4.6539399776998716
J03WN1,15,DFL-OBJ-002GBK,DFL-OBJ-000199,4.84,122,20.0,2.5484702495602356,-16.18963864500856,7.571282490216589,4.389808418719986,2.2797652920511333,3.3077458970101357,2.2797652920511333,4.389808418719986
J03WN1,16,DFL-OBJ-J016C3,DFL-OBJ-002GBK,4.72,119,5.310834586018337,1.9241784125427763,-57.80113781392026,1.597560920010359,13.002619499344803,1.2914794859213325,7.767595342782345,1.2914794859213325,13.098398642535168
J03WN1,17,DFL-OBJ-J014F7,DFL-OBJ-J013O2,3.72,94,20.0,0.7058264864927825,-100.66610832298304,6.710378911693348,11.797628064976928,3.6016240848687455,5.963417779777363,3.154979054738001,11.797628064976928
J03WN1,18,DFL-OBJ-002GM0,DFL-OBJ-J013O2,3.24,82,0.17287866430052182,20.0,54.447955049042,2.4925610235681734,20.323664611009647,12.42865543356771,17.56666250159845,12.42865543356771,20.323664611009647
J03WN1,19,DFL-OBJ-J016C3,DFL-OBJ-002GBK,5.08,128,20.0,0.3998744596001516,150.887821512762,9.204072775066214,8.700818158305841,0.6801836762676802,2.9569795286761855,0.6801836762676802,8.700818158305841
J03WN1,20,DFL-OBJ-0000XU,DFL-OBJ-002G02,3.0,76,0.8394026705488882,4.831190689769892,-21.138591192788766,1.1668147884784859,8.596854977530883,3.7258719363296313,4.885039692650537,3.6178063826837694,8.596854977530883
J03WN1,21,DFL-OBJ-0028NB,DFL-OBJ-002GOI,4.5200000000000005,114,20.0,1.225038601165016,-110.52087538691826,7.334370201404362,10.277096328659672,1.9796491617382472,5.668692374081573,1.9585344509115858,10.449834216299655
J03WN1,22,DFL-OBJ-J01B8R,DFL-OBJ-0027FG,0.88,23,2.6593697128087608,4.909557419017041,111.54804015051735,0.1342548735917608,1.5793788207988095,1.0240904203647547,1.3544642725882736,1.0240904203647547,1.5793788207988095
J03WN1,23,DFL-OBJ-J016C3,DFL-OBJ-J01B8R,3.92,99,0.6336950718245598,7.540660454449517,-58.24121973782847,5.66893964020441,4.20874068869106,4.929808392606522,5.221224094192224,1.5560000140099557,7.144216693828356
J03WN1,24,DFL-OBJ-002GOI,DFL-OBJ-0000XU,3.68,93,0.40004957420352316,18.56117369435034,-78.83697424735955,0.4787605938066987,9.704851603559788,5.350594554912181,10.138614250482336,5.350594554912181,12.860703489750541
J03WN1,25,DFL-OBJ-0000YV,DFL-OBJ-0001UP,3.96,100,0.8457343384996182,4.811588326205745,-53.679894650172436,3.0914647485738627,1.7878097697311985,1.7306510964055069,0.8449183069113805,0.5333631123811808,1.7878097697311985
J03WN1,26,DFL-OBJ-0027FG,DFL-OBJ-002G02,0.96,25,19.999955686410836,1.8141154901415928,-177.55447943592642,0.11994351636719865,8.686564787128415,8.148417665469317,8.61856324081377,8.148417665469317,8.823680975516659
J03WN1,27,DFL-OBJ-0028NB,DFL-OBJ-002GAR,3.64,92,0.2428005767757438,20.0,25.880831719812594,7.948131481866886,3.2048376778688863,4.180915615165889,3.1705816979608445,2.4830511280620495,4.180915615165889
J03WN1,28,DFL-OBJ-002GAR,DFL-OBJ-0000YV,3.6,91,1.823060594015413,2.8121965234649955,-38.377769155681676,3.540965538344601,7.9157070955434286,1.0103032798496523,2.3842312566287625,0.7058120450619734,7.9157070955434286
J03WN1,29,DFL-OBJ-J014F7,DFL-OBJ-002G02,3.2800000000000002,83,4.613559700981912,1.5808488485929653,20.547558715944046,0.9631550562512426,1.993167537529727,1.8173208869588493,1.7861662092166006,1.5474491934146688,2.1437379312563896
J03WN1,30,DFL-OBJ-002GBK,DFL-OBJ-000172,0.96,25,2.566346818087961,3.9221624234007137,82.48565720272589,0.1304192624300419,1.0075271661279508,0.5070000535372979,0.7246102358515847,0.4712407778898157,1.0075271661279508
J03WN1,31,DFL-OBJ-0002LI,DFL-OBJ-000199,1.28,33,0.28848090386696484,20.0,-34.14078077335083,1.2279071778496817,2.803665842106346,0.8278618102289889,1.3844419997027693,0.715063869639547,2.803665842106346
J03WN1,32,DFL-OBJ-J014F7,DFL-OBJ-002GOI,2.2800000000000002,58,1.0868185702333941,8.279875544796218,-17.75914719961671,0.9238677774996192,2.3662970726900174,0.6034625256375491,1.7085456379990998,0.411392834937334,2.372451913825903
J03WN1,33,DFL-OBJ-000172,DFL-OBJ-002G8H,1.6400000000000001,42,19.999892929613605,2.697964541937752,117.24022291535506,0.27477555999711334,6.295899373451031,2.5150911989328626,4.267185189701723,2.5150911989328626,6.295899373451031
J03WN1,34,DFL-OBJ-0028NB,DFL-OBJ-002GAR,4.5200000000000005,114,1.3969930365703322,5.750294163394268,44.363491854269014,2.920501298541467,2.451908923529151,0.46005629131332343,0.9563078685968969,0.19064296053272736,2.457041669405237
J03WN1,35,DFL-OBJ-000199,DFL-OBJ-0002LI,2.8000000000000003,71,0.7491853471453224,10.056127052058924,-23.953044366715634,0.6081822291343346,6.210505915980542,1.4220739232299517,5.789338577189802,1.4220739232299517,7.093707301608903
J03WN1,36,DFL-OBJ-0028NB,DFL-OBJ-0001UP,4.5200000000000005,114,0.5443459691296423,18.537490324061533,22.262948127972706,2.9076993953020103,0.9439228718551919,0.6374246983656006,0.7147652211343481,0.3563832872631864,1.0623694129992316
J03WN1,37,DFL-OBJ-000199,DFL-OBJ-0002LI,1.2,31,2.4104687536668608,5.427437888243193,-76.11858038088614,0.6562105209368306,7.296298346722853,0.7962153063516132,3.885202905502219,0.7962153063516132,7.296298346722853
J03WN1,38,DFL-OBJ-J016C3,DFL-OBJ-002G02,2.2,56,0.14216068420047856,19.978558717229223,-72.11356296467767,2.6888665733462713,8.284421906145717,1.5015271294503159,4.9484261590774725,1.5015271294503159,8.284421906145717
J03WN1,39,DFL-OBJ-002G02,DFL-OBJ-J01AQV,2.12,54,1.7672608433120802,6.654499648556681,-19.816579435779584,1.5458379900070374,4.255978458133629,1.2545996013224086,2.405318080317459,1.2545996013224086,4.255978458133629
J03WN1,40,DFL-OBJ-00002Z,DFL-OBJ-J01B8R,1.16,30,20.0,2.5702733286636144,-169.0659733669936,0.2986013057962207,4.780617774251224,3.3151378944452348,4.000052530137524,3.3043914079816927,4.780617774251224
J03WN1,41,DFL-OBJ-J016C3,DFL-OBJ-J01G0J,1.52,39,0.485695990111432,16.692514368375388,40.1013030133027,0.15016980959041598,5.9746027524848815,1.202803569217536,3.201311087797326,1.202803569217536,5.9746027524848815
J03WN1,42,DFL-OBJ-J016C3,DFL-OBJ-002GBK,2.16,55,20.0,2.5451639490013327,-107.73944403914663,1.7076952553963867,4.872231786488894,1.1085247986665403,2.3098636076688077,1.1085247986665403,4.872231786488894
